published_date,list_name,list_name_encoded,rank,title,author,description,weeks_on_list
8/5/12,Hardcover Nonfiction,hardcover-nonfiction,1,Wild,Cheryl Strayed,"A woman's account of a life-changing 1,100-mile hike along the Pacific Crest Trail.",14
8/5/12,Hardcover Nonfiction,hardcover-nonfiction,2,Unbroken,Laura Hillenbrand,An Olympic runner's story of survival as a prisoner of the Japanese in World War II.,88
8/5/12,Hardcover Nonfiction,hardcover-nonfiction,3,Amateur,Edward Klein,A journalist argues that President Obama is callow and unable to lead.,10
8/5/12,Hardcover Nonfiction,hardcover-nonfiction,4,Killing Lincoln,Bill O'Reilly + Martin Dugard,"The host of ""The O'Reilly Factor"" recounts the events surrounding the assassination of Abraham Lincoln.",43
8/5/12,Hardcover Nonfiction,hardcover-nonfiction,5,Dream Team,Jack McCallum,The 1992 U.S. men‚Äôs Olympic basketball team.,2
8/12/12,Hardcover Nonfiction,hardcover-nonfiction,1,Wild,Cheryl Strayed,"A woman's account of a life-changing 1,100-mile hike along the Pacific Crest Trail.",15
8/12/12,Hardcover Nonfiction,hardcover-nonfiction,2,Unbroken,Laura Hillenbrand,An Olympic runner's story of survival as a prisoner of the Japanese in World War II.,89
8/12/12,Hardcover Nonfiction,hardcover-nonfiction,3,Killing Lincoln,Bill O'Reilly + Martin Dugard,"The host of ""The O'Reilly Factor"" recounts the events surrounding the assassination of Abraham Lincoln.",44
8/12/12,Hardcover Nonfiction,hardcover-nonfiction,4,Amateur,Edward Klein,A journalist argues that President Obama is unable to lead.,11
8/12/12,Hardcover Nonfiction,hardcover-nonfiction,5,Steve Jobs,Walter Isaacson,"A biography of the visionary entrepreneur, who died in 2011.",39
8/19/12,Hardcover Nonfiction,hardcover-nonfiction,1,Wild,Cheryl Strayed,"A woman's account of a life-changing 1,100-mile hike along the Pacific Crest Trail.",16
8/19/12,Hardcover Nonfiction,hardcover-nonfiction,2,Unbroken,Laura Hillenbrand,An Olympic runner's story of survival as a prisoner of the Japanese in World War II.,90
8/19/12,Hardcover Nonfiction,hardcover-nonfiction,3,Killing Lincoln,Bill O'Reilly + Martin Dugard,"The host of ""The O'Reilly Factor"" recounts the events surrounding the assassination of Abraham Lincoln.",45
8/19/12,Hardcover Nonfiction,hardcover-nonfiction,4,Double Cross,Ben Macintyre,How the Allies tricked the Nazis into believing that on D-Day they would attack somewhere other than Normandy.,1
8/19/12,Hardcover Nonfiction,hardcover-nonfiction,5,Amateur,Edward Klein,A journalist argues that President Obama is unable to lead.,12
8/26/12,Hardcover Nonfiction,hardcover-nonfiction,1,Wild,Cheryl Strayed,"A woman's account of a life-changing 1,100-mile hike along the Pacific Crest Trail.",17
8/26/12,Hardcover Nonfiction,hardcover-nonfiction,2,Amateur,Edward Klein,A journalist argues that President Obama is unable to lead.,13
8/26/12,Hardcover Nonfiction,hardcover-nonfiction,3,Unbroken,Laura Hillenbrand,An Olympic runner's story of survival as a prisoner of the Japanese in World War II after his bomber went down over the Pacific.,91
8/26/12,Hardcover Nonfiction,hardcover-nonfiction,4,Killing Lincoln,Bill O'Reilly + Martin Dugard,"The host of ""The O'Reilly Factor"" recounts the events surrounding the assassination of Abraham Lincoln.",46
8/26/12,Hardcover Nonfiction,hardcover-nonfiction,5,Double Cross,Ben Macintyre,How the Allies tricked the Nazis into believing that on D-Day they would attack somewhere other than Normandy.,2
9/2/12,Hardcover Nonfiction,hardcover-nonfiction,1,Unbroken,Laura Hillenbrand,An Olympic runner's story of survival as a prisoner of the Japanese in World War II after his bomber went down over the Pacific.,92
9/2/12,Hardcover Nonfiction,hardcover-nonfiction,2,Amateur,Edward Klein,A journalist argues that President Obama is callow and unable to lead.,14
9/2/12,Hardcover Nonfiction,hardcover-nonfiction,3,Solo,Hope Solo w/ Ann Killion,The goalkeeper for the U.S. women‚Äôs soccer team chronicles her career and hardscrabble upbringing.,1
9/2/12,Hardcover Nonfiction,hardcover-nonfiction,4,Wild,Cheryl Strayed,"A woman's account of a life-changing 1,100-mile hike along the Pacific Crest Trail.",18
9/2/12,Hardcover Nonfiction,hardcover-nonfiction,5,Obama's America,Dinesh D'Souza,An argument that President Obama is the architect of American decline.,1
9/9/12,Hardcover Nonfiction,hardcover-nonfiction,1,Paterno,Joe Posnanski,A biography of the late Penn State football coach.,1
9/9/12,Hardcover Nonfiction,hardcover-nonfiction,2,Obama's America,Dinesh D'Souza,An argument that President Obama is the architect of American decline.,2
9/9/12,Hardcover Nonfiction,hardcover-nonfiction,3,Amateur,Edward Klein,A journalist argues that President Obama is callow and unable to lead.,15
9/9/12,Hardcover Nonfiction,hardcover-nonfiction,4,Unbroken,Laura Hillenbrand,An Olympic runner's story of survival as a prisoner of the Japanese in World War II after his bomber went down over the Pacific.,93
9/9/12,Hardcover Nonfiction,hardcover-nonfiction,5,Wild,Cheryl Strayed,"A woman's account of a life-changing 1,100-mile hike along the Pacific Crest Trail.",19
9/16/12,Hardcover Nonfiction,hardcover-nonfiction,1,Obama's America,Dinesh D'Souza,An argument that President Obama is the architect of American decline.,3
9/16/12,Hardcover Nonfiction,hardcover-nonfiction,2,Unbroken,Laura Hillenbrand,An Olympic runner's story of survival as a prisoner of the Japanese in World War II after his bomber went down over the Pacific.,94
9/16/12,Hardcover Nonfiction,hardcover-nonfiction,3,Wild,Cheryl Strayed,"A woman's account of a life-changing 1,100-mile hike along the Pacific Crest Trail.",20
9/16/12,Hardcover Nonfiction,hardcover-nonfiction,4,Killing Lincoln,Bill O'Reilly + Martin Dugard,"The host of ""The O'Reilly Factor"" recounts the events surrounding the assassination of Abraham Lincoln.",49
9/16/12,Hardcover Nonfiction,hardcover-nonfiction,5,Paterno,Joe Posnanski,A biography of the late Penn State football coach.,2
9/23/12,Hardcover Nonfiction,hardcover-nonfiction,1,No Easy Day,Mark Owen w/ Kevin Maurer,"An account by a former member of the Navy SEALs, written pseudonymously, of the mission that killed bin Laden.",1
9/23/12,Hardcover Nonfiction,hardcover-nonfiction,2,Amateur,Edward Klein,A journalist argues that President Obama is callow and unable to lead.,17
9/23/12,Hardcover Nonfiction,hardcover-nonfiction,3,Obama's America,Dinesh D'Souza,An argument that President Obama is the architect of American decline.,4
9/23/12,Hardcover Nonfiction,hardcover-nonfiction,4,Killing Lincoln,Bill O'Reilly + Martin Dugard,"The host of ""The O'Reilly Factor"" recounts the events surrounding the assassination of Abraham Lincoln.",50
9/23/12,Hardcover Nonfiction,hardcover-nonfiction,5,Mortality,Christopher Hitchens,"Reports and reflections on his illness and impending death by the writer, who died in December 2011.",2
9/30/12,Hardcover Nonfiction,hardcover-nonfiction,1,No Easy Day,Mark Owen w/ Kevin Maurer,"An account by a former member of the Navy SEALs, written pseudonymously, of the mission that killed bin Laden.",2
9/30/12,Hardcover Nonfiction,hardcover-nonfiction,2,The Price Of Politics,Bob Woodward,Inside the debt-ceiling negotations of 2011 with the Washington Post journalist.,1
9/30/12,Hardcover Nonfiction,hardcover-nonfiction,3,Killing Lincoln,Bill O'Reilly + Martin Dugard,"The host of ""The O'Reilly Factor"" recounts the events surrounding the assassination of Abraham Lincoln.",51
9/30/12,Hardcover Nonfiction,hardcover-nonfiction,4,Obama's America,Dinesh D'Souza,An argument that President Obama is the architect of American decline.,5
9/30/12,Hardcover Nonfiction,hardcover-nonfiction,5,Amateur,Edward Klein,A journalist argues that President Obama is unable to lead.,18
10/7/12,Hardcover Nonfiction,hardcover-nonfiction,1,No Easy Day,Mark Owen w/ Kevin Maurer,"An account by a former member of the Navy SEALs, written pseudonymously, of the mission that killed bin Laden.",3
10/7/12,Hardcover Nonfiction,hardcover-nonfiction,2,The Price Of Politics,Bob Woodward,Inside the debt-ceiling negotiations of 2011 with the Washington Post journalist.,2
10/7/12,Hardcover Nonfiction,hardcover-nonfiction,3,Joseph Anton,Salman Rushdie,The novelist‚Äôs life for nearly 10 years under the Ayatollah Khomeini‚Äôs death sentence for writing ‚ÄúThe Satanic Verses.‚Äù,1
10/7/12,Hardcover Nonfiction,hardcover-nonfiction,4,Killing Lincoln,Bill O'Reilly + Martin Dugard,"The host of ""The O'Reilly Factor"" recounts the events surrounding the assassination of Abraham Lincoln.",52
10/7/12,Hardcover Nonfiction,hardcover-nonfiction,5,Oath,Jeffrey Toobin,The ideological battles between President Obama and the Supreme Court.,1
10/14/12,Hardcover Nonfiction,hardcover-nonfiction,1,No Easy Day,Mark Owen w/ Kevin Maurer,"An account by a former member of the Navy SEALs, written pseudonymously, of the mission that killed bin Laden.",4
10/14/12,Hardcover Nonfiction,hardcover-nonfiction,2,Waging Heavy Peace,Neil Young,"The rocker‚Äôs memoir ranges over his personal life and his music, including his days with Buffalo Springfield and Crosby, Stills, Nash & Young.",1
10/14/12,Hardcover Nonfiction,hardcover-nonfiction,3,Joseph Anton,Salman Rushdie,The novelist‚Äôs life for nearly 10 years under the Ayatollah Khomeini‚Äôs death sentence for writing ‚ÄúThe Satanic Verses.‚Äù,2
10/14/12,Hardcover Nonfiction,hardcover-nonfiction,4,The Price Of Politics,Bob Woodward,Inside the debt-ceiling negotiations of 2011 with the Washington Post journalist.,3
10/14/12,Hardcover Nonfiction,hardcover-nonfiction,5,How Children Succeed,Paul Tough,"The author argues that the qualities that matter most have to do with character, not intelligence.",4
10/21/12,Hardcover Nonfiction,hardcover-nonfiction,1,Killing Kennedy,Bill O'Reilly + Martin Dugard,The host of ‚ÄúThe O‚ÄôReilly Factor‚Äù recounts the events surrounding the assassination of John F. Kennedy.,1
10/21/12,Hardcover Nonfiction,hardcover-nonfiction,2,No Easy Day,Mark Owen w/ Kevin Maurer,"An account by a former member of the Navy SEALs, written pseudonymously, of the mission that killed bin Laden.",5
10/21/12,Hardcover Nonfiction,hardcover-nonfiction,3,America Again,Stephen Colbert + others,The mock pundit of Comedy Central‚Äôs ‚ÄúColbert Report‚Äù tells how to bring America back from the brink.,1
10/21/12,Hardcover Nonfiction,hardcover-nonfiction,4,Total Recall,Arnold Schwarzenegger w/ Peter Petre,"A memoir by the actor, a former body builder and California governor.",1
10/21/12,Hardcover Nonfiction,hardcover-nonfiction,5,Waging Heavy Peace,Neil Young,"The rocker‚Äôs memoir ranges over his personal life and his music, including his days with Buffalo Springfield and Crosby, Stills, Nash & Young.",2
10/28/12,Hardcover Nonfiction,hardcover-nonfiction,1,Killing Kennedy,Bill O'Reilly + Martin Dugard,The host of ‚ÄúThe O‚ÄôReilly Factor‚Äù recounts the events surrounding the assassination of John F. Kennedy.,2
10/28/12,Hardcover Nonfiction,hardcover-nonfiction,2,No Easy Day,Mark Owen w/ Kevin Maurer,"An account by a former member of the Navy SEALs, written pseudonymously, of the mission that killed bin Laden.",6
10/28/12,Hardcover Nonfiction,hardcover-nonfiction,3,Who I Am,Pete Townshend,The rocker's memoir.,1
10/28/12,Hardcover Nonfiction,hardcover-nonfiction,4,America Again,Stephen Colbert + others,The mock pundit of Comedy Central‚Äôs ‚ÄúColbert Report‚Äù tells how to bring America back from the brink.,2
10/28/12,Hardcover Nonfiction,hardcover-nonfiction,5,Killing Lincoln,Bill O'Reilly + Martin Dugard,"The host of ""The O'Reilly Factor"" recounts the events surrounding the assassination of Abraham Lincoln.",55
11/4/12,Hardcover Nonfiction,hardcover-nonfiction,1,Killing Kennedy,Bill O'Reilly + Martin Dugard,The host of ‚ÄúThe O‚ÄôReilly Factor‚Äù recounts the events surrounding the assassination of John F. Kennedy.,3
11/4/12,Hardcover Nonfiction,hardcover-nonfiction,2,No Easy Day,Mark Owen w/ Kevin Maurer,"An account by a former member of the Navy SEALs, written pseudonymously, of the mission that killed bin Laden.",7
11/4/12,Hardcover Nonfiction,hardcover-nonfiction,3,Killing Lincoln,Bill O'Reilly + Martin Dugard,"The host of ""The O'Reilly Factor"" recounts the events surrounding the assassination of Abraham Lincoln.",56
11/4/12,Hardcover Nonfiction,hardcover-nonfiction,4,America Again,Stephen Colbert + others,The mock pundit of Comedy Central‚Äôs ‚ÄúColbert Report‚Äù tells how to bring America back from the brink.,3
11/4/12,Hardcover Nonfiction,hardcover-nonfiction,5,Who I Am,Pete Townshend,The rocker's memoir.,2
11/11/12,Hardcover Nonfiction,hardcover-nonfiction,1,Killing Kennedy,Bill O'Reilly + Martin Dugard,The host of ‚ÄúThe O‚ÄôReilly Factor‚Äù recounts the events surrounding the assassination of John F. Kennedy.,4
11/11/12,Hardcover Nonfiction,hardcover-nonfiction,2,No Easy Day,Mark Owen w/ Kevin Maurer,"An account by a former member of the Navy SEALs, written pseudonymously, of the mission that killed bin Laden.",8
11/11/12,Hardcover Nonfiction,hardcover-nonfiction,3,Killing Lincoln,Bill O'Reilly + Martin Dugard,"The host of ""The O'Reilly Factor"" recounts the events surrounding the assassination of Abraham Lincoln.",57
11/11/12,Hardcover Nonfiction,hardcover-nonfiction,4,Rod,Rod Stewart,The pop singer reminisces on his long career.,1
11/11/12,Hardcover Nonfiction,hardcover-nonfiction,5,The Signal And The Noise,Nate Silver,"An examination of predictions, the ones that come true and the ones that don‚Äôt.",4
11/18/12,Hardcover Nonfiction,hardcover-nonfiction,1,Killing Kennedy,Bill O'Reilly + Martin Dugard,The host of ‚ÄúThe O‚ÄôReilly Factor‚Äù recounts the events surrounding the assassination of John F. Kennedy.,5
11/18/12,Hardcover Nonfiction,hardcover-nonfiction,2,No Easy Day,Mark Owen w/ Kevin Maurer,"An account by a former member of the Navy SEALs, written pseudonymously, of the mission that killed bin Laden.",9
11/18/12,Hardcover Nonfiction,hardcover-nonfiction,3,Killing Lincoln,Bill O'Reilly + Martin Dugard,"The host of ""The O'Reilly Factor"" recounts the events surrounding the assassination of Abraham Lincoln.",58
11/18/12,Hardcover Nonfiction,hardcover-nonfiction,4,Bruce,Peter Ames Carlin,"A biography of Bruce Springsteen looks at his family, his music and his drive for fame and influence.",1
11/18/12,Hardcover Nonfiction,hardcover-nonfiction,5,Rod,Rod Stewart,The pop singer reminisces on his long career.,2
11/25/12,Hardcover Nonfiction,hardcover-nonfiction,1,Killing Kennedy,Bill O'Reilly + Martin Dugard,The host of ‚ÄúThe O‚ÄôReilly Factor‚Äù recounts the events surrounding the assassination of John F. Kennedy.,6
11/25/12,Hardcover Nonfiction,hardcover-nonfiction,2,No Easy Day,Mark Owen w/ Kevin Maurer,"An account by a former member of the Navy SEALs, written pseudonymously, of the mission that killed bin Laden.",10
11/25/12,Hardcover Nonfiction,hardcover-nonfiction,3,Killing Lincoln,Bill O'Reilly + Martin Dugard,"The host of ""The O'Reilly Factor"" recounts the events surrounding the assassination of Abraham Lincoln.",59
11/25/12,Hardcover Nonfiction,hardcover-nonfiction,4,The Signal And The Noise,Nate Silver,"An examination of predictions, the ones that come true and the ones that don‚Äôt.",6
11/25/12,Hardcover Nonfiction,hardcover-nonfiction,5,Last Lion,William Manchester + Paul Reid,"This biography of Winston Churchill, reaching from World War II until his death in 1965, stresses his courage, intellect and will to action.",2
12/2/12,Hardcover Nonfiction,hardcover-nonfiction,1,Killing Kennedy,Bill O'Reilly + Martin Dugard,The host of ‚ÄúThe O‚ÄôReilly Factor‚Äù recounts the events surrounding the assassination of John F. Kennedy.,7
12/2/12,Hardcover Nonfiction,hardcover-nonfiction,2,Thomas Jefferson,Jon Meacham,The Pulitzer Prize-winning journalist celebrates Jefferson‚Äôs skills as a practical politician.,1
12/2/12,Hardcover Nonfiction,hardcover-nonfiction,3,Killing Lincoln,Bill O'Reilly + Martin Dugard,"The host of ""The O'Reilly Factor"" recounts the events surrounding the assassination of Abraham Lincoln.",60
12/2/12,Hardcover Nonfiction,hardcover-nonfiction,4,No Easy Day,Mark Owen w/ Kevin Maurer,"An account by a former member of the Navy SEALs, written pseudonymously, of the mission that killed bin Laden.",11
12/2/12,Hardcover Nonfiction,hardcover-nonfiction,5,How To Create A Mind,Ray Kurzweil,A new theory of how the thinking part of the brain works can help us create more intelligent machines.,1
12/9/12,Hardcover Nonfiction,hardcover-nonfiction,1,Thomas Jefferson,Jon Meacham,The Pulitzer Prize-winning journalist celebrates Jefferson‚Äôs skills as a practical politician.,2
12/9/12,Hardcover Nonfiction,hardcover-nonfiction,2,Killing Kennedy,Bill O'Reilly + Martin Dugard,The host of ‚ÄúThe O‚ÄôReilly Factor‚Äù recounts the events surrounding the assassination of John F. Kennedy.,8
12/9/12,Hardcover Nonfiction,hardcover-nonfiction,3,Killing Lincoln,Bill O'Reilly + Martin Dugard,"The host of ""The O'Reilly Factor"" recounts the events surrounding the assassination of Abraham Lincoln.",61
12/9/12,Hardcover Nonfiction,hardcover-nonfiction,4,No Easy Day,Mark Owen w/ Kevin Maurer,"An account by a former member of the Navy SEALs, written pseudonymously, of the mission that killed bin Laden.",12
12/9/12,Hardcover Nonfiction,hardcover-nonfiction,5,The Signal And The Noise,Nate Silver,"An examination of predictions, the ones that come true and the ones that don‚Äôt.",8
12/16/12,Hardcover Nonfiction,hardcover-nonfiction,1,Killing Kennedy,Bill O'Reilly + Martin Dugard,The host of ‚ÄúThe O‚ÄôReilly Factor‚Äù recounts the events surrounding the assassination of John F. Kennedy.,9
12/16/12,Hardcover Nonfiction,hardcover-nonfiction,2,Thomas Jefferson,Jon Meacham,The Pulitzer Prize-winning journalist celebrates Jefferson‚Äôs skills as a practical politician.,3
12/16/12,Hardcover Nonfiction,hardcover-nonfiction,3,Killing Lincoln,Bill O'Reilly + Martin Dugard,"The host of ""The O'Reilly Factor"" recounts the events surrounding the assassination of Abraham Lincoln.",62
12/16/12,Hardcover Nonfiction,hardcover-nonfiction,4,No Easy Day,Mark Owen w/ Kevin Maurer,"An account by a former member of the Navy SEALs, written pseudonymously, of the mission that killed bin Laden.",13
12/16/12,Hardcover Nonfiction,hardcover-nonfiction,5,America Again,Stephen Colbert + others,The mock pundit of Comedy Central‚Äôs ‚ÄúColbert Report‚Äù tells how to bring America back from the brink.,9
12/23/12,Hardcover Nonfiction,hardcover-nonfiction,1,Killing Kennedy,Bill O'Reilly + Martin Dugard,The host of ‚ÄúThe O‚ÄôReilly Factor‚Äù recounts the events surrounding the assassination of John F. Kennedy.,10
12/23/12,Hardcover Nonfiction,hardcover-nonfiction,2,Killing Lincoln,Bill O'Reilly + Martin Dugard,"The host of ""The O'Reilly Factor"" recounts the events surrounding the assassination of Abraham Lincoln.",63
12/23/12,Hardcover Nonfiction,hardcover-nonfiction,3,Thomas Jefferson,Jon Meacham,The Pulitzer Prize-winning journalist celebrates Jefferson‚Äôs skills as a practical politician.,4
12/23/12,Hardcover Nonfiction,hardcover-nonfiction,4,No Easy Day,Mark Owen w/ Kevin Maurer,"An account by a former member of the Navy SEALs, written pseudonymously, of the mission that killed bin Laden.",14
12/23/12,Hardcover Nonfiction,hardcover-nonfiction,5,America Again,Stephen Colbert + others,The mock pundit of Comedy Central‚Äôs ‚ÄúColbert Report‚Äù tells how to bring America back from the brink.,10
12/30/12,Hardcover Nonfiction,hardcover-nonfiction,1,Killing Kennedy,Bill O'Reilly + Martin Dugard,The host of ‚ÄúThe O‚ÄôReilly Factor‚Äù recounts the events surrounding the assassination of John F. Kennedy.,11
12/30/12,Hardcover Nonfiction,hardcover-nonfiction,2,Thomas Jefferson,Jon Meacham,The Pulitzer Prize-winning journalist celebrates Jefferson‚Äôs skills as a practical politician.,5
12/30/12,Hardcover Nonfiction,hardcover-nonfiction,3,Killing Lincoln,Bill O'Reilly + Martin Dugard,"The host of ""The O'Reilly Factor"" recounts the events surrounding the assassination of Abraham Lincoln.",64
12/30/12,Hardcover Nonfiction,hardcover-nonfiction,4,America Again,Stephen Colbert + others,The mock pundit of Comedy Central‚Äôs ‚ÄúColbert Report‚Äù tells how to bring America back from the brink.,11
12/30/12,Hardcover Nonfiction,hardcover-nonfiction,5,No Easy Day,Mark Owen w/ Kevin Maurer,"An account by a former member of the Navy SEALs, written pseudonymously, of the mission that killed bin Laden.",15
1/6/13,Hardcover Nonfiction,hardcover-nonfiction,1,Killing Kennedy,Bill O'Reilly + Martin Dugard,The host of ‚ÄúThe O‚ÄôReilly Factor‚Äù recounts the events surrounding the assassination of John F. Kennedy.,12
1/6/13,Hardcover Nonfiction,hardcover-nonfiction,2,Thomas Jefferson,Jon Meacham,The Pulitzer Prize-winning journalist celebrates Jefferson‚Äôs skills as a practical politician.,6
1/6/13,Hardcover Nonfiction,hardcover-nonfiction,3,Killing Lincoln,Bill O'Reilly + Martin Dugard,"The host of ""The O'Reilly Factor"" recounts the events surrounding the assassination of Abraham Lincoln.",65
1/6/13,Hardcover Nonfiction,hardcover-nonfiction,4,No Easy Day,Mark Owen w/ Kevin Maurer,"An account by a former member of the Navy SEALs, written pseudonymously, of the mission that killed bin Laden.",16
1/6/13,Hardcover Nonfiction,hardcover-nonfiction,5,America Again,Stephen Colbert + others,The mock pundit of Comedy Central‚Äôs ‚ÄúColbert Report‚Äù tells how to bring America back from the brink.,12
1/13/13,Hardcover Nonfiction,hardcover-nonfiction,1,Killing Kennedy,Bill O'Reilly + Martin Dugard,The host of ‚ÄúThe O‚ÄôReilly Factor‚Äù recounts the events surrounding the assassination of John F. Kennedy.,13
1/13/13,Hardcover Nonfiction,hardcover-nonfiction,2,Thomas Jefferson,Jon Meacham,The Pulitzer Prize-winning journalist celebrates Jefferson‚Äôs skills as a practical politician.,7
1/13/13,Hardcover Nonfiction,hardcover-nonfiction,3,Killing Lincoln,Bill O'Reilly + Martin Dugard,"The host of ""The O'Reilly Factor"" recounts the events surrounding the assassination of Abraham Lincoln.",66
1/13/13,Hardcover Nonfiction,hardcover-nonfiction,4,No Easy Day,Mark Owen w/ Kevin Maurer,"An account by a former member of the Navy SEALs, written pseudonymously, of the mission that killed bin Laden.",17
1/13/13,Hardcover Nonfiction,hardcover-nonfiction,5,America Again,Stephen Colbert + others,The mock pundit of Comedy Central‚Äôs ‚ÄúColbert Report‚Äù tells how to bring America back from the brink.,13
1/20/13,Hardcover Nonfiction,hardcover-nonfiction,1,Killing Kennedy,Bill O'Reilly + Martin Dugard,The host of ‚ÄúThe O‚ÄôReilly Factor‚Äù recounts the events surrounding the assassination of John F. Kennedy.,14
1/20/13,Hardcover Nonfiction,hardcover-nonfiction,2,Thomas Jefferson,Jon Meacham,The Pulitzer Prize-winning biographer celebrates Jefferson‚Äôs skills as a practical politician.,8
1/20/13,Hardcover Nonfiction,hardcover-nonfiction,3,The World Until Yesterday,Jared Diamond,"The author of ‚ÄúGuns, Germs, and Steel‚Äù examines what we can learn from traditional societies.",1
1/20/13,Hardcover Nonfiction,hardcover-nonfiction,4,No Easy Day,Mark Owen w/ Kevin Maurer,"An account by a former member of the Navy SEALs, written pseudonymously, of the mission that killed bin Laden.",18
1/20/13,Hardcover Nonfiction,hardcover-nonfiction,5,Killing Lincoln,Bill O'Reilly + Martin Dugard,"The host of ""The O'Reilly Factor"" recounts the events surrounding the assassination of Abraham Lincoln.",67
1/27/13,Hardcover Nonfiction,hardcover-nonfiction,1,Killing Kennedy,Bill O'Reilly + Martin Dugard,The host of ‚ÄúThe O‚ÄôReilly Factor‚Äù recounts the events surrounding the assassination of John F. Kennedy.,15
1/27/13,Hardcover Nonfiction,hardcover-nonfiction,2,My Share Of The Task,Stanley McChrystal,"The former commander of U.S. forces in Afghanistan, now retired, reviews his career.",1
1/27/13,Hardcover Nonfiction,hardcover-nonfiction,3,No Easy Day,Mark Owen w/ Kevin Maurer,"An account by a former member of the Navy SEALs, written pseudonymously, of the mission that killed bin Laden.",19
1/27/13,Hardcover Nonfiction,hardcover-nonfiction,4,Thomas Jefferson,Jon Meacham,The Pulitzer Prize-winning biographer celebrates Jefferson‚Äôs skills as a practical politician.,9
1/27/13,Hardcover Nonfiction,hardcover-nonfiction,5,The World Until Yesterday,Jared Diamond,"The author of ‚ÄúGuns, Germs, and Steel‚Äù examines what we can learn from traditional societies.",2
2/3/13,Hardcover Nonfiction,hardcover-nonfiction,1,My Beloved World,Sonia Sotomayor,"The Supreme Court justice recalls growing up in the Bronx, attending Princeton, working for the Manhattan District Attorney‚Äôs office and becoming a federal judge. ¬†",1
2/3/13,Hardcover Nonfiction,hardcover-nonfiction,2,Killing Kennedy,Bill O'Reilly + Martin Dugard,The host of ‚ÄúThe O‚ÄôReilly Factor‚Äù recounts the events surrounding the assassination of John F. Kennedy.,16
2/3/13,Hardcover Nonfiction,hardcover-nonfiction,3,Going Clear,Lawrence Wright,The Pulitzer Prize-winning author examines the world of Scientology.¬†,1
2/3/13,Hardcover Nonfiction,hardcover-nonfiction,4,No Easy Day,Mark Owen w/ Kevin Maurer,"An account by a former member of the Navy SEALs, written pseudonymously, of the mission that killed bin Laden.",20
2/3/13,Hardcover Nonfiction,hardcover-nonfiction,5,Killing Lincoln,Bill O'Reilly + Martin Dugard,"The host of ""The O'Reilly Factor"" recounts the events surrounding the assassination of Abraham Lincoln.",69
2/10/13,Hardcover Nonfiction,hardcover-nonfiction,1,My Beloved World,Sonia Sotomayor,"The Supreme Court justice recalls growing up in the Bronx, attending Princeton, working for the Manhattan District Attorney‚Äôs office and becoming a federal judge. ¬†",2
2/10/13,Hardcover Nonfiction,hardcover-nonfiction,2,Francona,Terry Francona + Dan Shaughnessy,The manager‚Äôs Red Sox years.¬†,1
2/10/13,Hardcover Nonfiction,hardcover-nonfiction,3,Going Clear,Lawrence Wright,The Pulitzer Prize-winning author examines the world of Scientology.¬†,2
2/10/13,Hardcover Nonfiction,hardcover-nonfiction,4,Killing Kennedy,Bill O'Reilly + Martin Dugard,The host of ‚ÄúThe O‚ÄôReilly Factor‚Äù recounts the events surrounding the assassination of John F. Kennedy.,17
2/10/13,Hardcover Nonfiction,hardcover-nonfiction,5,Killing Lincoln,Bill O'Reilly + Martin Dugard,"The host of ""The O'Reilly Factor"" recounts the events surrounding the assassination of Abraham Lincoln.",70
2/17/13,Hardcover Nonfiction,hardcover-nonfiction,1,My Beloved World,Sonia Sotomayor,"The Supreme Court justice recalls growing up in the Bronx, attending Princeton, working for the Manhattan District Attorney‚Äôs office and becoming a federal judge. ¬†",3
2/17/13,Hardcover Nonfiction,hardcover-nonfiction,2,Francona,Terry Francona + Dan Shaughnessy,The manager‚Äôs Red Sox years.¬†,2
2/17/13,Hardcover Nonfiction,hardcover-nonfiction,3,Hitmaker,Tommy Mottola w/ Cal Fussman,The music industry executive recalls his life and career.¬†,1
2/17/13,Hardcover Nonfiction,hardcover-nonfiction,4,Remembering Whitney,Cissy Houston w/ Lisa Dickey,The gospel singer discusses her daughter Whitney‚Äôs life.¬†,1
2/17/13,Hardcover Nonfiction,hardcover-nonfiction,5,Killing Kennedy,Bill O'Reilly + Martin Dugard,The host of ‚ÄúThe O‚ÄôReilly Factor‚Äù recounts the events surrounding the assassination of John F. Kennedy.,18
2/24/13,Hardcover Nonfiction,hardcover-nonfiction,1,My Beloved World,Sonia Sotomayor,"The Supreme Court justice recalls growing up in the Bronx, attending Princeton and becoming a federal judge. ¬†",4
2/24/13,Hardcover Nonfiction,hardcover-nonfiction,2,American Sniper,"Chris Kyle w/ Scott McEwen, Jim DeFelice","A member of the Navy SEALs discusses his childhood, marriage and battlefield experiences.",23
2/24/13,Hardcover Nonfiction,hardcover-nonfiction,3,Killing Kennedy,Bill O'Reilly + Martin Dugard,The host of ‚ÄúThe O‚ÄôReilly Factor‚Äù recounts the events surrounding the assassination of John F. Kennedy.,19
2/24/13,Hardcover Nonfiction,hardcover-nonfiction,4,Future,Al Gore,The six drivers of global change that are reshaping our world.¬†,2
2/24/13,Hardcover Nonfiction,hardcover-nonfiction,5,Going Clear,Lawrence Wright,The Pulitzer Prize-winning author examines the world of Scientology.¬†,4
8/7/16,Hardcover Nonfiction,hardcover-nonfiction,1,Crisis Of Character,Gary J Byrne w/ Grant M Schmidt,A former Secret Service officer claims to have witnessed scandalous behavior by the Clintons.,4
8/7/16,Hardcover Nonfiction,hardcover-nonfiction,2,Hillary's America,Dinesh D'Souza,The conservative author and pundit warns of disaster if Hillary Clinton is elected president.,1
8/7/16,Hardcover Nonfiction,hardcover-nonfiction,3,Hamilton: The Revolution,Lin-Manuel Miranda + Jeremy McCarter,"The libretto of the Grammy-, Tony- and Pulitzer Prize-winning musical, annotated by its creator, along with backstage photos, a production history and interviews with the cast.",15
8/7/16,Hardcover Nonfiction,hardcover-nonfiction,4,Armageddon,Dick Morris + Eileen McGann,The political strategist offers a game plan for how to defeat Hillary Clinton.,1
8/7/16,Hardcover Nonfiction,hardcover-nonfiction,5,When Breath Becomes Air,Paul Kalanithi,A memoir by a physician who received a diagnosis of Stage IV lung cancer at the age of 36.,28
8/14/16,Hardcover Nonfiction,hardcover-nonfiction,1,Crisis Of Character,Gary J Byrne w/ Grant M Schmidt,A former Secret Service officer claims to have witnessed scandalous behavior by the Clintons.,5
8/14/16,Hardcover Nonfiction,hardcover-nonfiction,2,Hillary's America,Dinesh D'Souza,The conservative author and pundit warns of disaster if Hillary Clinton is elected president.,2
8/14/16,Hardcover Nonfiction,hardcover-nonfiction,3,Armageddon,Dick Morris + Eileen McGann,The political strategist offers a game plan for how to defeat Hillary Clinton.,2
8/14/16,Hardcover Nonfiction,hardcover-nonfiction,4,Hamilton: The Revolution,Lin-Manuel Miranda + Jeremy McCarter,"The libretto of the award-winning musical, with backstage photos, a production history and interviews with the cast.",16
8/14/16,Hardcover Nonfiction,hardcover-nonfiction,5,When Breath Becomes Air,Paul Kalanithi,A memoir by a physician who received a diagnosis of Stage IV lung cancer at the age of 36.,29
8/21/16,Hardcover Nonfiction,hardcover-nonfiction,1,Hillary's America,Dinesh D'Souza,The conservative author and pundit warns of disaster if Hillary Clinton is elected president.,3
8/21/16,Hardcover Nonfiction,hardcover-nonfiction,2,Liars,Glenn Beck,The author says progressive politicians gain power and control by exploiting  Americans' fears.,1
8/21/16,Hardcover Nonfiction,hardcover-nonfiction,3,Crisis Of Character,Gary J Byrne w/ Grant M Schmidt,A former Secret Service officer claims to have witnessed scandalous behavior by the Clintons.,6
8/21/16,Hardcover Nonfiction,hardcover-nonfiction,4,Armageddon,Dick Morris + Eileen McGann,The political strategist offers a game plan for how to defeat Hillary Clinton.,3
8/21/16,Hardcover Nonfiction,hardcover-nonfiction,5,Hamilton: The Revolution,Lin-Manuel Miranda + Jeremy McCarter,"The libretto of the award-winning musical, with backstage photos, a production history and interviews with the cast.",17
8/28/16,Hardcover Nonfiction,hardcover-nonfiction,1,Hillbilly Elegy,JD Vance,A Yale Law School graduate looks at the struggles of America's white working class through his own childhood in the Rust Belt.,3
8/28/16,Hardcover Nonfiction,hardcover-nonfiction,2,When Breath Becomes Air,Paul Kalanithi,A memoir by a physician who received a diagnosis of Stage IV lung cancer at the age of 36.,31
8/28/16,Hardcover Nonfiction,hardcover-nonfiction,3,Armageddon,Dick Morris + Eileen McGann,The political strategist offers a game plan for how to defeat Hillary Clinton.,4
8/28/16,Hardcover Nonfiction,hardcover-nonfiction,4,Hillary's America,Dinesh D'Souza,The conservative author and pundit warns of disaster if Hillary Clinton is elected president.,4
8/28/16,Hardcover Nonfiction,hardcover-nonfiction,5,Crisis Of Character,Gary J Byrne w/ Grant M Schmidt,A former Secret Service officer claims to have witnessed scandalous behavior by the Clintons.,7
9/4/16,Hardcover Nonfiction,hardcover-nonfiction,1,The Girl With The Lower Back Tattoo,Amy Schumer,"Humorous personal essays by the comedian, actor and writer.",1
9/4/16,Hardcover Nonfiction,hardcover-nonfiction,2,Hillbilly Elegy,JD Vance,A Yale Law School graduate looks at the struggles of America's white working class through his own childhood in the Rust Belt.,4
9/4/16,Hardcover Nonfiction,hardcover-nonfiction,3,Armageddon,Dick Morris + Eileen McGann,The political strategist offers a game plan for how to defeat Hillary Clinton.,5
9/4/16,Hardcover Nonfiction,hardcover-nonfiction,4,When Breath Becomes Air,Paul Kalanithi,A memoir by a physician who received a diagnosis of Stage IV lung cancer at the age of 36.,32
9/4/16,Hardcover Nonfiction,hardcover-nonfiction,5,Between The World And Me,Ta-Nehisi Coates,A meditation on race in America.,58
9/11/16,Hardcover Nonfiction,hardcover-nonfiction,1,The Girl With The Lower Back Tattoo,Amy Schumer,"Humorous personal essays by the comedian, actor and writer.",2
9/11/16,Hardcover Nonfiction,hardcover-nonfiction,2,Hillbilly Elegy,JD Vance,A Yale Law School graduate looks at the struggles of America‚Äôs white working class through his own childhood in the Rust Belt.,5
9/11/16,Hardcover Nonfiction,hardcover-nonfiction,3,Armageddon,Dick Morris + Eileen McGann,The political strategist offers a game plan for how to defeat Hillary Clinton.,6
9/11/16,Hardcover Nonfiction,hardcover-nonfiction,4,When Breath Becomes Air,Paul Kalanithi,A memoir by a physician who received a diagnosis of Stage IV lung cancer at the age of 36.,33
9/11/16,Hardcover Nonfiction,hardcover-nonfiction,5,Between The World And Me,Ta-Nehisi Coates,A meditation on race in America.,59
9/18/16,Hardcover Nonfiction,hardcover-nonfiction,1,The Girl With The Lower Back Tattoo,Amy Schumer,"Humorous personal essays by the comedian, actor and writer.",3
9/18/16,Hardcover Nonfiction,hardcover-nonfiction,2,Hillbilly Elegy,JD Vance,A Yale Law School graduate looks at the struggles of America‚Äôs white working class through his own childhood in the Rust Belt.,6
9/18/16,Hardcover Nonfiction,hardcover-nonfiction,3,Between The World And Me,Ta-Nehisi Coates,A meditation on race in America.,60
9/18/16,Hardcover Nonfiction,hardcover-nonfiction,4,When Breath Becomes Air,Paul Kalanithi,A memoir by a physician who received a diagnosis of Stage IV lung cancer at the age of 36.,34
9/18/16,Hardcover Nonfiction,hardcover-nonfiction,5,Armageddon,Dick Morris + Eileen McGann,The political strategist offers a game plan for how to defeat Hillary Clinton.,7
9/25/16,Hardcover Nonfiction,hardcover-nonfiction,1,Love Warrior,Glennon Doyle Melton,"After her husband confesses to multiple infidelities, a woman who has overcome bulimia and alcoholism struggles to grow ‚Äî and so does he.",1
9/25/16,Hardcover Nonfiction,hardcover-nonfiction,2,The Girl With The Lower Back Tattoo,Amy Schumer,"Humorous personal essays by the comedian, actor and writer.",4
9/25/16,Hardcover Nonfiction,hardcover-nonfiction,3,Hillbilly Elegy,JD Vance,A Yale Law School graduate looks at the struggles of America‚Äôs white working class through his own childhood in the Rust Belt.,7
9/25/16,Hardcover Nonfiction,hardcover-nonfiction,4,When Breath Becomes Air,Paul Kalanithi,A memoir by a physician who received a diagnosis of Stage IV lung cancer at the age of 36.,35
9/25/16,Hardcover Nonfiction,hardcover-nonfiction,5,Between The World And Me,Ta-Nehisi Coates,A meditation on race in America.,61
10/2/16,Hardcover Nonfiction,hardcover-nonfiction,1,Killing The Rising Sun,Bill O'Reilly + Martin Dugard,The host of ‚ÄúThe O‚ÄôReilly Factor‚Äù recounts the final years of World War II.,1
10/2/16,Hardcover Nonfiction,hardcover-nonfiction,2,Love Warrior,Glennon Doyle Melton,"After her husband confesses to multiple infidelities, a woman who has overcome bulimia and alcoholism struggles to grow ‚Äî and so does he.",2
10/2/16,Hardcover Nonfiction,hardcover-nonfiction,3,The Girl With The Lower Back Tattoo,Amy Schumer,"Humorous personal essays by the comedian, actor and writer.",5
10/2/16,Hardcover Nonfiction,hardcover-nonfiction,4,Scorched Earth,Michael Savage,The radio host discusses what will happen after the administration of ‚ÄúPresident Maobama.‚Äù,1
10/2/16,Hardcover Nonfiction,hardcover-nonfiction,5,The Hidden Life Of Trees,Peter Wohlleben,A forester presents scientific research on the way trees interact with one another. A best seller in Germany.,1
10/9/16,Hardcover Nonfiction,hardcover-nonfiction,1,Killing The Rising Sun,Bill O'Reilly + Martin Dugard,The host of ‚ÄúThe O‚ÄôReilly Factor‚Äù recounts the final years of World War II.,2
10/9/16,Hardcover Nonfiction,hardcover-nonfiction,2,Love Warrior,Glennon Doyle Melton,"After her husband confesses to multiple infidelities, a woman who has overcome bulimia and alcoholism struggles to grow ‚Äî and so does he.",3
10/9/16,Hardcover Nonfiction,hardcover-nonfiction,3,The Girl With The Lower Back Tattoo,Amy Schumer,"Humorous personal essays by the comedian, actor and writer.",6
10/9/16,Hardcover Nonfiction,hardcover-nonfiction,4,Hillbilly Elegy,JD Vance,A Yale Law School graduate looks at the struggles of America‚Äôs white working class through his own childhood in the Rust Belt.,9
10/9/16,Hardcover Nonfiction,hardcover-nonfiction,5,Hero Of The Empire,Candice Millard,"The young Winston Churchill‚Äôs adventures in Africa during the Boer War, including an escape from captivity in 1899.",1
10/16/16,Hardcover Nonfiction,hardcover-nonfiction,1,Born To Run,Bruce Springsteen,The singer-songwriter‚Äôs autobiography.,1
10/16/16,Hardcover Nonfiction,hardcover-nonfiction,2,Killing The Rising Sun,Bill O'Reilly + Martin Dugard,The host of ‚ÄúThe O‚ÄôReilly Factor‚Äù recounts the final years of World War II.,3
10/16/16,Hardcover Nonfiction,hardcover-nonfiction,3,Love Warrior,Glennon Doyle Melton,"After her husband confesses to multiple infidelities, a woman who has overcome bulimia and alcoholism struggles to grow ‚Äî and so does he.",4
10/16/16,Hardcover Nonfiction,hardcover-nonfiction,4,Hillbilly Elegy,JD Vance,A Yale Law School graduate looks at the struggles of America‚Äôs white working class through his own childhood in the Rust Belt.,10
10/16/16,Hardcover Nonfiction,hardcover-nonfiction,5,The Girl With The Lower Back Tattoo,Amy Schumer,"Humorous personal essays by the comedian, actor and writer.",7
10/23/16,Hardcover Nonfiction,hardcover-nonfiction,1,Born To Run,Bruce Springsteen,The singer-songwriter‚Äôs autobiography.,2
10/23/16,Hardcover Nonfiction,hardcover-nonfiction,2,Killing The Rising Sun,Bill O'Reilly + Martin Dugard,The host of ‚ÄúThe O‚ÄôReilly Factor‚Äù recounts the final years of World War II.,4
10/23/16,Hardcover Nonfiction,hardcover-nonfiction,3,Hillbilly Elegy,JD Vance,A Yale Law School graduate looks at the struggles of America‚Äôs white working class through his own childhood in the Rust Belt.,11
10/23/16,Hardcover Nonfiction,hardcover-nonfiction,4,Love Warrior,Glennon Doyle Melton,"After her husband confesses to multiple infidelities, a woman who has overcome bulimia and alcoholism struggles to grow ‚Äî and so does he.",5
10/23/16,Hardcover Nonfiction,hardcover-nonfiction,5,The Girl With The Lower Back Tattoo,Amy Schumer,"Humorous personal essays by the comedian, actor and writer.",8
10/30/16,Hardcover Nonfiction,hardcover-nonfiction,1,Killing The Rising Sun,Bill O'Reilly + Martin Dugard,The host of ‚ÄúThe O‚ÄôReilly Factor‚Äù recounts the final years of World War II.,5
10/30/16,Hardcover Nonfiction,hardcover-nonfiction,2,Born To Run,Bruce Springsteen,The singer-songwriter‚Äôs autobiography.,3
10/30/16,Hardcover Nonfiction,hardcover-nonfiction,3,Filthy Rich,James Patterson and John Connolly,The story of a South Florida financier convicted of soliciting sex from underage girls.,1
10/30/16,Hardcover Nonfiction,hardcover-nonfiction,4,Hillbilly Elegy,JD Vance,A Yale Law School graduate looks at the struggles of America‚Äôs white working class through his own childhood in the Rust Belt.,12
10/30/16,Hardcover Nonfiction,hardcover-nonfiction,5,Love Warrior,Glennon Doyle Melton,"After her husband confesses to multiple infidelities, a woman who has overcome bulimia and alcoholism struggles to grow ‚Äî and so does he.",6
11/6/16,Hardcover Nonfiction,hardcover-nonfiction,1,The Magnolia Story,Chip Gaines and Joanna Gaines,The lives of the couple who star in the HGTV show ‚ÄúFixer Upper.‚Äù,1
11/6/16,Hardcover Nonfiction,hardcover-nonfiction,2,Killing The Rising Sun,Bill O'Reilly + Martin Dugard,The host of ‚ÄúThe O‚ÄôReilly Factor‚Äù recounts the final years of World War II.,6
11/6/16,Hardcover Nonfiction,hardcover-nonfiction,3,Born To Run,Bruce Springsteen,The singer-songwriter‚Äôs autobiography.,4
11/6/16,Hardcover Nonfiction,hardcover-nonfiction,4,Buffering,Hannah Hart,A memoir by the host of the YouTube show ‚ÄúMy Drunk Kitchen‚Äù focuses on her challenging childhood.,1
11/6/16,Hardcover Nonfiction,hardcover-nonfiction,5,Hillbilly Elegy,JD Vance,A Yale Law School graduate looks at the struggles of America‚Äôs white working class through his own childhood in the Rust Belt.,13
11/13/16,Hardcover Nonfiction,hardcover-nonfiction,1,The Magnolia Story,Chip Gaines and Joanna Gaines,The lives of the couple who star in the HGTV show ‚ÄúFixer Upper.‚Äù,2
11/13/16,Hardcover Nonfiction,hardcover-nonfiction,2,Killing The Rising Sun,Bill O'Reilly + Martin Dugard,The host of ‚ÄúThe O‚ÄôReilly Factor‚Äù recounts the final years of World War II.,7
11/13/16,Hardcover Nonfiction,hardcover-nonfiction,3,Born To Run,Bruce Springsteen,The singer-songwriter‚Äôs autobiography.,5
11/13/16,Hardcover Nonfiction,hardcover-nonfiction,4,Shaken,Tim Tebow,The Heisman Trophy winner writes about overcoming obstacles.,1
11/13/16,Hardcover Nonfiction,hardcover-nonfiction,5,Hillbilly Elegy,JD Vance,A Yale Law School graduate looks at the struggles of America‚Äôs white working class through his own childhood in the Rust Belt.,14
11/20/16,Hardcover Nonfiction,hardcover-nonfiction,1,Killing The Rising Sun,Bill O'Reilly + Martin Dugard,The host of ‚ÄúThe O‚ÄôReilly Factor‚Äù recounts the final years of World War II.,8
11/20/16,Hardcover Nonfiction,hardcover-nonfiction,2,The Magnolia Story,Chip Gaines and Joanna Gaines,The lives of the couple who star in the HGTV show ‚ÄúFixer Upper.‚Äù,3
11/20/16,Hardcover Nonfiction,hardcover-nonfiction,3,Born To Run,Bruce Springsteen,The singer-songwriter‚Äôs autobiography.,6
11/20/16,Hardcover Nonfiction,hardcover-nonfiction,4,Hillbilly Elegy,JD Vance,A Yale Law School graduate looks at the struggles of America‚Äôs white working class through his own childhood in the Rust Belt.,15
11/20/16,Hardcover Nonfiction,hardcover-nonfiction,5,Shaken,Tim Tebow,The Heisman Trophy winner writes about overcoming obstacles.,2
11/27/16,Hardcover Nonfiction,hardcover-nonfiction,1,Killing The Rising Sun,Bill O'Reilly + Martin Dugard,The host of ‚ÄúThe O‚ÄôReilly Factor‚Äù recounts the final years of World War II.,9
11/27/16,Hardcover Nonfiction,hardcover-nonfiction,2,The Magnolia Story,Chip Gaines and Joanna Gaines,The lives of the couple who star in the HGTV show ‚ÄúFixer Upper.‚Äù,4
11/27/16,Hardcover Nonfiction,hardcover-nonfiction,3,Hillbilly Elegy,JD Vance,A Yale Law School graduate looks at the struggles of America‚Äôs white working class through his own childhood in the Rust Belt.,16
11/27/16,Hardcover Nonfiction,hardcover-nonfiction,4,Born To Run,Bruce Springsteen,The singer-songwriter‚Äôs autobiography.,7
11/27/16,Hardcover Nonfiction,hardcover-nonfiction,5,Shaken,Tim Tebow,The Heisman Trophy winner writes about overcoming obstacles.,3
12/4/16,Hardcover Nonfiction,hardcover-nonfiction,1,Settle For More,Megyn Kelly,"he anchor of Fox News‚Äôs ‚ÄúThe Kelly File‚Äù discusses her upbringing, why she left a succesful career as a lawyer, the value of hard work, and the personal and professional challenges she has faced.",1
12/4/16,Hardcover Nonfiction,hardcover-nonfiction,2,Killing The Rising Sun,Bill O'Reilly + Martin Dugard,The host of ‚ÄúThe O‚ÄôReilly Factor‚Äù recounts the final years of World War II.,10
12/4/16,Hardcover Nonfiction,hardcover-nonfiction,3,Our Revolution,Bernie Sanders,The Vermont senator and former candidate for the Democratic nomination for president delivers his message of social and economic justice.,1
12/4/16,Hardcover Nonfiction,hardcover-nonfiction,4,Hillbilly Elegy,JD Vance,A Yale Law School graduate looks at the struggles of America‚Äôs white working class through his own childhood in the Rust Belt.,17
12/4/16,Hardcover Nonfiction,hardcover-nonfiction,5,Scrappy Little Nobody,Anna Kendrick,Autobiographical essays by the young actress.,1
12/11/16,Hardcover Nonfiction,hardcover-nonfiction,1,Killing The Rising Sun,Bill O'Reilly + Martin Dugard,The host of ‚ÄúThe O‚ÄôReilly Factor‚Äù recounts the final years of World War II.,11
12/11/16,Hardcover Nonfiction,hardcover-nonfiction,2,Settle For More,Megyn Kelly,The anchor of Fox News‚Äôs ‚ÄúThe Kelly File‚Äù discusses the personal and professional challenges she has faced.,2
12/11/16,Hardcover Nonfiction,hardcover-nonfiction,3,The Magnolia Story,Chip Gaines and Joanna Gaines,The lives of the couple who star in the HGTV show ‚ÄúFixer Upper.‚Äù,6
12/11/16,Hardcover Nonfiction,hardcover-nonfiction,4,Our Revolution,Bernie S+ers,The Vermont senator and former candidate for the Democratic nomination for president delivers his message of social and economic justice.,2
12/11/16,Hardcover Nonfiction,hardcover-nonfiction,5,Thank You For Being Late,Thomas L Friedman,"How the accelerating pace of technology, globalization and climate change are reshaping the world, and what we can do about it.",1
12/18/16,Hardcover Nonfiction,hardcover-nonfiction,1,Killing The Rising Sun,Bill O'Reilly + Martin Dugard,The host of ‚ÄúThe O‚ÄôReilly Factor‚Äù recounts the final years of World War II.,12
12/18/16,Hardcover Nonfiction,hardcover-nonfiction,2,The Magnolia Story,Chip Gaines and Joanna Gaines,The lives of the couple who star in the HGTV show ‚ÄúFixer Upper.‚Äù,7
12/18/16,Hardcover Nonfiction,hardcover-nonfiction,3,Talking As Fast As I Can,Lauren Graham,Essays by the star of ‚ÄúThe Gilmore Girls‚Äù (both the original and the mini-series) and ‚ÄúParenthood.‚Äù,1
12/18/16,Hardcover Nonfiction,hardcover-nonfiction,4,Settle For More,Megyn Kelly,The anchor of Fox News‚Äôs ‚ÄúThe Kelly File‚Äù discusses the personal and professional challenges she has faced.,3
12/18/16,Hardcover Nonfiction,hardcover-nonfiction,5,Born To Run,Bruce Springsteen,The singer-songwriter‚Äôs autobiography.,10
12/25/16,Hardcover Nonfiction,hardcover-nonfiction,1,Killing The Rising Sun,Bill O'Reilly + Martin Dugard,The host of ‚ÄúThe O‚ÄôReilly Factor‚Äù recounts the final years of World War II.,13
12/25/16,Hardcover Nonfiction,hardcover-nonfiction,2,The Undoing Project,Michael Lewis,How the psychologists Daniel Kahneman and Amos Tversky upended assumptions about the decision-making process and invented the field of behavioral economics.,1
12/25/16,Hardcover Nonfiction,hardcover-nonfiction,3,The Magnolia Story,Chip Gaines and Joanna Gaines,The lives of the couple who star in the HGTV show ‚ÄúFixer Upper.‚Äù,8
12/25/16,Hardcover Nonfiction,hardcover-nonfiction,4,Born To Run,Bruce Springsteen,The singer-songwriter‚Äôs autobiography.,11
12/25/16,Hardcover Nonfiction,hardcover-nonfiction,5,Hillbilly Elegy,JD Vance,A Yale Law School graduate looks at the struggles of America‚Äôs white working class through his own childhood in the Rust Belt.,20
1/1/17,Hardcover Nonfiction,hardcover-nonfiction,1,Killing The Rising Sun,Bill O'Reilly + Martin Dugard,The host of ‚ÄúThe O‚ÄôReilly Factor‚Äù recounts the final years of World War II.,14
1/1/17,Hardcover Nonfiction,hardcover-nonfiction,2,The Undoing Project,Michael Lewis,How the psychologists Daniel Kahneman and Amos Tversky upended assumptions about the decision-making process and invented the field of behavioral economics.,2
1/1/17,Hardcover Nonfiction,hardcover-nonfiction,3,The Magnolia Story,Chip Gaines and Joanna Gaines,The lives of the couple who star in the HGTV show ‚ÄúFixer Upper.‚Äù,9
1/1/17,Hardcover Nonfiction,hardcover-nonfiction,4,Born To Run,Bruce Springsteen,The singer-songwriter‚Äôs autobiography.,12
1/1/17,Hardcover Nonfiction,hardcover-nonfiction,5,Hillbilly Elegy,JD Vance,A Yale Law School graduate looks at the struggles of America‚Äôs white working class through his own childhood in the Rust Belt.,21
1/8/17,Hardcover Nonfiction,hardcover-nonfiction,1,Killing The Rising Sun,Bill O'Reilly + Martin Dugard,The host of ‚ÄúThe O‚ÄôReilly Factor‚Äù recounts the final years of World War II.,15
1/8/17,Hardcover Nonfiction,hardcover-nonfiction,2,The Magnolia Story,Chip Gaines and Joanna Gaines,The lives of the couple who star in the HGTV show ‚ÄúFixer Upper.‚Äù,10
1/8/17,Hardcover Nonfiction,hardcover-nonfiction,3,Born To Run,Bruce Springsteen,The singer-songwriter‚Äôs autobiography.,13
1/8/17,Hardcover Nonfiction,hardcover-nonfiction,4,Hillbilly Elegy,JD Vance,A Yale Law School graduate looks at the struggles of America‚Äôs white working class through his own childhood in the Rust Belt.,22
1/8/17,Hardcover Nonfiction,hardcover-nonfiction,5,The Undoing Project,Michael Lewis,How the psychologists Daniel Kahneman and Amos Tversky upended assumptions about the decision-making process and invented the field of behavioral economics.,3
1/15/17,Hardcover Nonfiction,hardcover-nonfiction,1,The Princess Diarist,Carrie Fisher,"Recollections of life on the set of the first Star Wars movie by the actress and writer, who died in December.",1
1/15/17,Hardcover Nonfiction,hardcover-nonfiction,2,Hillbilly Elegy,JD Vance,A Yale Law School graduate looks at the struggles of America‚Äôs white working class through his own childhood in the Rust Belt.,23
1/15/17,Hardcover Nonfiction,hardcover-nonfiction,3,The Book Of Joy,The Dalai Lama and Desmond Tutu,A discussion between two spiritual leaders about how to find joy in the face of suffering.,11
1/15/17,Hardcover Nonfiction,hardcover-nonfiction,4,The Undoing Project,Michael Lewis,How the psychologists Daniel Kahneman and Amos Tversky upended assumptions about the decision-making process and invented the field of behavioral economics.,4
1/15/17,Hardcover Nonfiction,hardcover-nonfiction,5,Killing The Rising Sun,Bill O'Reilly + Martin Dugard,The host of ‚ÄúThe O‚ÄôReilly Factor‚Äù recounts the final years of World War II.,16
1/22/17,Hardcover Nonfiction,hardcover-nonfiction,1,Hillbilly Elegy,JD Vance,A Yale Law School graduate looks at the struggles of America‚Äôs white working class through his own childhood in the Rust Belt.,24
1/22/17,Hardcover Nonfiction,hardcover-nonfiction,2,The Princess Diarist,Carrie Fisher,"Recollections of life on the set of the first Star Wars movie by the actress and writer, who died in December.",2
1/22/17,Hardcover Nonfiction,hardcover-nonfiction,3,Killing The Rising Sun,Bill O'Reilly + Martin Dugard,The host of ‚ÄúThe O‚ÄôReilly Factor‚Äù recounts the final years of World War II.,17
1/22/17,Hardcover Nonfiction,hardcover-nonfiction,4,The Magnolia Story,Chip Gaines and Joanna Gaines,The lives of the couple who star in the HGTV show ‚ÄúFixer Upper.‚Äù,12
1/22/17,Hardcover Nonfiction,hardcover-nonfiction,5,The Undoing Project,Michael Lewis,How the psychologists Daniel Kahneman and Amos Tversky upended assumptions about the decision-making process and invented the field of behavioral economics.,5
1/29/17,Hardcover Nonfiction,hardcover-nonfiction,1,Hillbilly Elegy,JD Vance,A Yale Law School graduate looks at the struggles of America‚Äôs white working class through his own childhood in the Rust Belt.,25
1/29/17,Hardcover Nonfiction,hardcover-nonfiction,2,Three Days In January,Bret Baier w/ Catherine Whitney,Eisenhower‚Äôs farewell address and his role in the Kennedy transition.,1
1/29/17,Hardcover Nonfiction,hardcover-nonfiction,3,Killing The Rising Sun,Bill O'Reilly + Martin Dugard,The host of ‚ÄúThe O‚ÄôReilly Factor‚Äù recounts the final years of World War II.,18
1/29/17,Hardcover Nonfiction,hardcover-nonfiction,4,The Princess Diarist,Carrie Fisher,"Recollections of life on the set of the first Star Wars movie by the actress and writer, who died in December.",3
1/29/17,Hardcover Nonfiction,hardcover-nonfiction,5,The Magnolia Story,Chip Gaines and Joanna Gaines,The lives of the couple who star in the HGTV show ‚ÄúFixer Upper.‚Äù,13
2/5/17,Hardcover Nonfiction,hardcover-nonfiction,1,Hillbilly Elegy,JD Vance,A Yale Law School graduate looks at the struggles of America‚Äôs white working class through his own childhood in the Rust Belt.,26
2/5/17,Hardcover Nonfiction,hardcover-nonfiction,2,Three Days In January,Bret Baier w/ Catherine Whitney,Eisenhower‚Äôs farewell address and his role in the Kennedy transition.,2
2/5/17,Hardcover Nonfiction,hardcover-nonfiction,3,Killing The Rising Sun,Bill O'Reilly + Martin Dugard,The host of ‚ÄúThe O‚ÄôReilly Factor‚Äù recounts the final years of World War II.,19
2/5/17,Hardcover Nonfiction,hardcover-nonfiction,4,The Magnolia Story,Chip Gaines and Joanna Gaines,The lives of the couple who star in the HGTV show ‚ÄúFixer Upper.‚Äù,14
2/5/17,Hardcover Nonfiction,hardcover-nonfiction,5,The Book Of Joy,The Dalai Lama and Desmond Tutu,A discussion between two spiritual leaders about how to find joy in the face of suffering.,14
2/12/17,Hardcover Nonfiction,hardcover-nonfiction,1,Hillbilly Elegy,JD Vance,A Yale Law School graduate looks at the struggles of America‚Äôs white working class through his own childhood in the Rust Belt.,27
2/12/17,Hardcover Nonfiction,hardcover-nonfiction,2,Killing The Rising Sun,Bill O'Reilly + Martin Dugard,The host of ‚ÄúThe O‚ÄôReilly Factor‚Äù recounts the final years of World War II.,20
2/12/17,Hardcover Nonfiction,hardcover-nonfiction,3,Three Days In January,Bret Baier w/ Catherine Whitney,Eisenhower‚Äôs farewell address and his role in the Kennedy transition.,3
2/12/17,Hardcover Nonfiction,hardcover-nonfiction,4,The Magnolia Story,Chip Gaines and Joanna Gaines,The lives of the couple who star in the HGTV show ‚ÄúFixer Upper.‚Äù,15
2/12/17,Hardcover Nonfiction,hardcover-nonfiction,5,The Book Of Joy,The Dalai Lama and Desmond Tutu,A discussion between two spiritual leaders about how to find joy in the face of suffering.,15
2/19/17,Hardcover Nonfiction,hardcover-nonfiction,1,Hillbilly Elegy,JD Vance,A Yale Law School graduate looks at the struggles of America‚Äôs white working class through his own childhood in the Rust Belt.,28
2/19/17,Hardcover Nonfiction,hardcover-nonfiction,2,Killing The Rising Sun,Bill O'Reilly + Martin Dugard,The host of ‚ÄúThe O‚ÄôReilly Factor‚Äù recounts the final years of World War II.,21
2/19/17,Hardcover Nonfiction,hardcover-nonfiction,3,Three Days In January,Bret Baier w/ Catherine Whitney,Eisenhower‚Äôs farewell address and his role in the Kennedy transition.,4
2/19/17,Hardcover Nonfiction,hardcover-nonfiction,4,The Magnolia Story,Chip Gaines and Joanna Gaines,The lives of the couple who star in the HGTV show ‚ÄúFixer Upper.‚Äù,16
2/19/17,Hardcover Nonfiction,hardcover-nonfiction,5,The Book Of Joy,The Dalai Lama and Desmond Tutu,A discussion between two spiritual leaders about how to find joy in the face of suffering.,16
2/26/17,Hardcover Nonfiction,hardcover-nonfiction,1,Hillbilly Elegy,JD Vance,A Yale Law School graduate looks at the struggles of America‚Äôs white working class through his own childhood in the Rust Belt.,29
2/26/17,Hardcover Nonfiction,hardcover-nonfiction,2,Killing The Rising Sun,Bill O'Reilly + Martin Dugard,The host of ‚ÄúThe O‚ÄôReilly Factor‚Äù recounts the final years of World War II.,22
2/26/17,Hardcover Nonfiction,hardcover-nonfiction,3,The Magnolia Story,Chip Gaines and Joanna Gaines,The lives of the couple who star in the HGTV show ‚ÄúFixer Upper.‚Äù,17
2/26/17,Hardcover Nonfiction,hardcover-nonfiction,4,Three Days In January,Bret Baier w/ Catherine Whitney,Eisenhower‚Äôs farewell address and his role in the Kennedy transition.,5
2/26/17,Hardcover Nonfiction,hardcover-nonfiction,5,The Book Of Joy,The Dalai Lama and Desmond Tutu,A discussion between two spiritual leaders about how to find joy in the face of suffering.,17